{
    "entityNames": [
        "Date",
        "BorrowerName",
        "BorrowerAddress",
        "BorrowerCity",
        "BorrowerState",
        "LenderName",
        "LenderAddress",
        "LenderCity",
        "LenderState",
        "LoanAmountWords",
        "LoanAmountNumbers",
        "Interest"
    ],
    "documents": [
        {
            "entities": [
                {
                    "regionStart": 0,
                    "regionLength": 1793,
                    "labels": [
                        {
                            "entity": 0,
                            "start": 5,
                            "length": 9
                        },
                        {
                            "entity": 1,
                            "start": 160,
                            "length": 13
                        },
                        {
                            "entity": 2,
                            "start": 200,
                            "length": 13
                        },
                        {
                            "entity": 3,
                            "start": 223,
                            "length": 9
                        },
                        {
                            "entity": 4,
                            "start": 243,
                            "length": 8
                        },
                        {
                            "entity": 5,
                            "start": 273,
                            "length": 14
                        },
                        {
                            "entity": 6,
                            "start": 314,
                            "length": 15
                        },
                        {
                            "entity": 7,
                            "start": 339,
                            "length": 10
                        },
                        {
                            "entity": 8,
                            "start": 360,
                            "length": 8
                        },
                        {
                            "entity": 9,
                            "start": 446,
                            "length": 66
                        },
                        {
                            "entity": 10,
                            "start": 514,
                            "length": 11
                        },
                        {
                            "entity": 11,
                            "start": 601,
                            "length": 2
                        }
                    ]
                }
            ],
            "culture": "en-us",
            "location": "01.txt"
        },
        {
            "entities": [
                {
                    "regionStart": 0,
                    "regionLength": 1804,
                    "labels": [
                        {
                            "entity": 0,
                            "start": 5,
                            "length": 10
                        },
                        {
                            "entity": 1,
                            "start": 161,
                            "length": 12
                        },
                        {
                            "entity": 2,
                            "start": 200,
                            "length": 18
                        },
                        {
                            "entity": 3,
                            "start": 228,
                            "length": 11
                        },
                        {
                            "entity": 4,
                            "start": 251,
                            "length": 12
                        },
                        {
                            "entity": 5,
                            "start": 284,
                            "length": 10
                        },
                        {
                            "entity": 6,
                            "start": 321,
                            "length": 20
                        },
                        {
                            "entity": 7,
                            "start": 351,
                            "length": 9
                        },
                        {
                            "entity": 8,
                            "start": 371,
                            "length": 8
                        },
                        {
                            "entity": 9,
                            "start": 457,
                            "length": 66
                        },
                        {
                            "entity": 10,
                            "start": 525,
                            "length": 11
                        },
                        {
                            "entity": 11,
                            "start": 612,
                            "length": 2
                        }
                    ]
                }
            ],
            "culture": "en-us",
            "location": "02.txt"
        },
        {
            "entities": [
                {
                    "regionStart": 0,
                    "regionLength": 1801,
                    "labels": [
                        {
                            "entity": 0,
                            "start": 5,
                            "length": 9
                        },
                        {
                            "entity": 1,
                            "start": 160,
                            "length": 12
                        },
                        {
                            "entity": 2,
                            "start": 199,
                            "length": 18
                        },
                        {
                            "entity": 3,
                            "start": 227,
                            "length": 9
                        },
                        {
                            "entity": 4,
                            "start": 247,
                            "length": 8
                        },
                        {
                            "entity": 5,
                            "start": 276,
                            "length": 11
                        },
                        {
                            "entity": 6,
                            "start": 314,
                            "length": 19
                        },
                        {
                            "entity": 7,
                            "start": 343,
                            "length": 9
                        },
                        {
                            "entity": 8,
                            "start": 363,
                            "length": 10
                        },
                        {
                            "entity": 9,
                            "start": 451,
                            "length": 69
                        },
                        {
                            "entity": 10,
                            "start": 522,
                            "length": 11
                        },
                        {
                            "entity": 11,
                            "start": 609,
                            "length": 2
                        }
                    ]
                }
            ],
            "culture": "en-us",
            "location": "03.txt"
        },
        {
            "entities": [
                {
                    "regionStart": 0,
                    "regionLength": 1786,
                    "labels": [
                        {
                            "entity": 0,
                            "start": 5,
                            "length": 9
                        },
                        {
                            "entity": 1,
                            "start": 160,
                            "length": 16
                        },
                        {
                            "entity": 2,
                            "start": 203,
                            "length": 18
                        },
                        {
                            "entity": 3,
                            "start": 231,
                            "length": 6
                        },
                        {
                            "entity": 4,
                            "start": 248,
                            "length": 4
                        },
                        {
                            "entity": 5,
                            "start": 273,
                            "length": 11
                        },
                        {
                            "entity": 6,
                            "start": 311,
                            "length": 19
                        },
                        {
                            "entity": 7,
                            "start": 340,
                            "length": 10
                        },
                        {
                            "entity": 8,
                            "start": 361,
                            "length": 9
                        },
                        {
                            "entity": 9,
                            "start": 448,
                            "length": 57
                        },
                        {
                            "entity": 10,
                            "start": 507,
                            "length": 11
                        },
                        {
                            "entity": 11,
                            "start": 594,
                            "length": 2
                        }
                    ]
                }
            ],
            "culture": "en-us",
            "location": "04.txt"
        },
        {
            "entities": [
                {
                    "regionStart": 0,
                    "regionLength": 1810,
                    "labels": [
                        {
                            "entity": 0,
                            "start": 5,
                            "length": 9
                        },
                        {
                            "entity": 1,
                            "start": 160,
                            "length": 11
                        },
                        {
                            "entity": 2,
                            "start": 195,
                            "length": 23
                        },
                        {
                            "entity": 3,
                            "start": 228,
                            "length": 8
                        },
                        {
                            "entity": 4,
                            "start": 247,
                            "length": 10
                        },
                        {
                            "entity": 5,
                            "start": 278,
                            "length": 12
                        },
                        {
                            "entity": 6,
                            "start": 317,
                            "length": 18
                        },
                        {
                            "entity": 7,
                            "start": 345,
                            "length": 16
                        },
                        {
                            "entity": 8,
                            "start": 372,
                            "length": 12
                        },
                        {
                            "entity": 9,
                            "start": 462,
                            "length": 67
                        },
                        {
                            "entity": 10,
                            "start": 531,
                            "length": 11
                        },
                        {
                            "entity": 11,
                            "start": 618,
                            "length": 2
                        }
                    ]
                }
            ],
            "culture": "en-us",
            "location": "05.txt"
        },
        {
            "entities": [
                {
                    "regionStart": 0,
                    "regionLength": 1790,
                    "labels": [
                        {
                            "entity": 0,
                            "start": 5,
                            "length": 8
                        },
                        {
                            "entity": 2,
                            "start": 165,
                            "length": 49
                        },
                        {
                            "entity": 1,
                            "start": 159,
                            "length": 5
                        },
                        {
                            "entity": 3,
                            "start": 224,
                            "length": 7
                        },
                        {
                            "entity": 4,
                            "start": 242,
                            "length": 8
                        },
                        {
                            "entity": 5,
                            "start": 271,
                            "length": 15
                        },
                        {
                            "entity": 6,
                            "start": 313,
                            "length": 14
                        },
                        {
                            "entity": 7,
                            "start": 337,
                            "length": 6
                        },
                        {
                            "entity": 8,
                            "start": 354,
                            "length": 8
                        },
                        {
                            "entity": 9,
                            "start": 440,
                            "length": 69
                        },
                        {
                            "entity": 10,
                            "start": 511,
                            "length": 11
                        },
                        {
                            "entity": 11,
                            "start": 598,
                            "length": 2
                        }
                    ]
                }
            ],
            "culture": "en-us",
            "location": "06.txt"
        },
        {
            "entities": [
                {
                    "regionStart": 0,
                    "regionLength": 1814,
                    "labels": [
                        {
                            "entity": 0,
                            "start": 5,
                            "length": 9
                        },
                        {
                            "entity": 1,
                            "start": 160,
                            "length": 12
                        },
                        {
                            "entity": 2,
                            "start": 199,
                            "length": 26
                        },
                        {
                            "entity": 3,
                            "start": 235,
                            "length": 10
                        },
                        {
                            "entity": 4,
                            "start": 256,
                            "length": 10
                        },
                        {
                            "entity": 5,
                            "start": 287,
                            "length": 10
                        },
                        {
                            "entity": 6,
                            "start": 324,
                            "length": 19
                        },
                        {
                            "entity": 7,
                            "start": 353,
                            "length": 11
                        },
                        {
                            "entity": 8,
                            "start": 375,
                            "length": 13
                        },
                        {
                            "entity": 9,
                            "start": 466,
                            "length": 67
                        },
                        {
                            "entity": 10,
                            "start": 535,
                            "length": 11
                        },
                        {
                            "entity": 11,
                            "start": 622,
                            "length": 2
                        }
                    ]
                }
            ],
            "culture": "en-us",
            "location": "07.txt"
        },
        {
            "entities": [
                {
                    "regionStart": 0,
                    "regionLength": 1804,
                    "labels": [
                        {
                            "entity": 0,
                            "start": 5,
                            "length": 10
                        },
                        {
                            "entity": 1,
                            "start": 161,
                            "length": 11
                        },
                        {
                            "entity": 2,
                            "start": 199,
                            "length": 20
                        },
                        {
                            "entity": 3,
                            "start": 229,
                            "length": 13
                        },
                        {
                            "entity": 4,
                            "start": 253,
                            "length": 14
                        },
                        {
                            "entity": 5,
                            "start": 288,
                            "length": 12
                        },
                        {
                            "entity": 6,
                            "start": 327,
                            "length": 16
                        },
                        {
                            "entity": 7,
                            "start": 353,
                            "length": 9
                        },
                        {
                            "entity": 8,
                            "start": 373,
                            "length": 14
                        },
                        {
                            "entity": 9,
                            "start": 465,
                            "length": 57
                        },
                        {
                            "entity": 10,
                            "start": 524,
                            "length": 11
                        },
                        {
                            "entity": 11,
                            "start": 611,
                            "length": 3
                        }
                    ]
                }
            ],
            "culture": "en-us",
            "location": "08.txt"
        },
        {
            "entities": [
                {
                    "regionStart": 0,
                    "regionLength": 1790,
                    "labels": [
                        {
                            "entity": 0,
                            "start": 5,
                            "length": 10
                        },
                        {
                            "entity": 1,
                            "start": 161,
                            "length": 11
                        },
                        {
                            "entity": 2,
                            "start": 199,
                            "length": 14
                        },
                        {
                            "entity": 3,
                            "start": 223,
                            "length": 6
                        },
                        {
                            "entity": 4,
                            "start": 240,
                            "length": 10
                        },
                        {
                            "entity": 5,
                            "start": 271,
                            "length": 13
                        },
                        {
                            "entity": 6,
                            "start": 311,
                            "length": 18
                        },
                        {
                            "entity": 7,
                            "start": 339,
                            "length": 7
                        },
                        {
                            "entity": 8,
                            "start": 357,
                            "length": 9
                        },
                        {
                            "entity": 9,
                            "start": 444,
                            "length": 65
                        },
                        {
                            "entity": 10,
                            "start": 511,
                            "length": 11
                        },
                        {
                            "entity": 11,
                            "start": 598,
                            "length": 2
                        }
                    ]
                }
            ],
            "culture": "en-us",
            "location": "09.txt"
        },
        {
            "entities": [
                {
                    "regionStart": 0,
                    "regionLength": 1795,
                    "labels": [
                        {
                            "entity": 0,
                            "start": 5,
                            "length": 9
                        },
                        {
                            "entity": 1,
                            "start": 160,
                            "length": 11
                        },
                        {
                            "entity": 2,
                            "start": 198,
                            "length": 18
                        },
                        {
                            "entity": 3,
                            "start": 226,
                            "length": 7
                        },
                        {
                            "entity": 4,
                            "start": 244,
                            "length": 8
                        },
                        {
                            "entity": 5,
                            "start": 273,
                            "length": 15
                        },
                        {
                            "entity": 6,
                            "start": 315,
                            "length": 25
                        },
                        {
                            "entity": 7,
                            "start": 350,
                            "length": 5
                        },
                        {
                            "entity": 8,
                            "start": 366,
                            "length": 5
                        },
                        {
                            "entity": 9,
                            "start": 449,
                            "length": 65
                        },
                        {
                            "entity": 10,
                            "start": 516,
                            "length": 11
                        },
                        {
                            "entity": 11,
                            "start": 603,
                            "length": 2
                        }
                    ]
                }
            ],
            "culture": "en-us",
            "location": "10.txt"
        },
        {
            "entities": [
                {
                    "regionStart": 0,
                    "regionLength": 1780,
                    "labels": [
                        {
                            "entity": 0,
                            "start": 5,
                            "length": 9
                        },
                        {
                            "entity": 1,
                            "start": 160,
                            "length": 13
                        },
                        {
                            "entity": 2,
                            "start": 181,
                            "length": 34
                        },
                        {
                            "entity": 3,
                            "start": 225,
                            "length": 6
                        },
                        {
                            "entity": 4,
                            "start": 242,
                            "length": 8
                        },
                        {
                            "entity": 5,
                            "start": 271,
                            "length": 12
                        },
                        {
                            "entity": 6,
                            "start": 310,
                            "length": 20
                        },
                        {
                            "entity": 7,
                            "start": 340,
                            "length": 8
                        },
                        {
                            "entity": 8,
                            "start": 359,
                            "length": 11
                        },
                        {
                            "entity": 9,
                            "start": 448,
                            "length": 52
                        },
                        {
                            "entity": 10,
                            "start": 502,
                            "length": 10
                        },
                        {
                            "entity": 11,
                            "start": 588,
                            "length": 2
                        }
                    ]
                }
            ],
            "culture": "en-us",
            "location": "11.txt"
        },
        {
            "entities": [
                {
                    "regionStart": 0,
                    "regionLength": 1808,
                    "labels": [
                        {
                            "entity": 0,
                            "start": 5,
                            "length": 9
                        },
                        {
                            "entity": 1,
                            "start": 160,
                            "length": 14
                        },
                        {
                            "entity": 2,
                            "start": 201,
                            "length": 16
                        },
                        {
                            "entity": 3,
                            "start": 227,
                            "length": 8
                        },
                        {
                            "entity": 4,
                            "start": 246,
                            "length": 10
                        },
                        {
                            "entity": 5,
                            "start": 277,
                            "length": 16
                        },
                        {
                            "entity": 6,
                            "start": 320,
                            "length": 24
                        },
                        {
                            "entity": 7,
                            "start": 354,
                            "length": 11
                        },
                        {
                            "entity": 8,
                            "start": 376,
                            "length": 8
                        },
                        {
                            "entity": 9,
                            "start": 462,
                            "length": 65
                        },
                        {
                            "entity": 10,
                            "start": 529,
                            "length": 11
                        },
                        {
                            "entity": 11,
                            "start": 616,
                            "length": 2
                        }
                    ]
                }
            ],
            "culture": "en-us",
            "location": "12.txt"
        },
        {
            "entities": [
                {
                    "regionStart": 0,
                    "regionLength": 1808,
                    "labels": [
                        {
                            "entity": 0,
                            "start": 5,
                            "length": 9
                        },
                        {
                            "entity": 1,
                            "start": 160,
                            "length": 15
                        },
                        {
                            "entity": 2,
                            "start": 202,
                            "length": 22
                        },
                        {
                            "entity": 3,
                            "start": 234,
                            "length": 10
                        },
                        {
                            "entity": 4,
                            "start": 255,
                            "length": 20
                        },
                        {
                            "entity": 5,
                            "start": 296,
                            "length": 11
                        },
                        {
                            "entity": 6,
                            "start": 334,
                            "length": 18
                        },
                        {
                            "entity": 7,
                            "start": 362,
                            "length": 6
                        },
                        {
                            "entity": 8,
                            "start": 379,
                            "length": 8
                        },
                        {
                            "entity": 9,
                            "start": 465,
                            "length": 62
                        },
                        {
                            "entity": 10,
                            "start": 529,
                            "length": 11
                        },
                        {
                            "entity": 11,
                            "start": 616,
                            "length": 2
                        }
                    ]
                }
            ],
            "culture": "en-us",
            "location": "13.txt"
        },
        {
            "entities": [
                {
                    "regionStart": 0,
                    "regionLength": 1795,
                    "labels": [
                        {
                            "entity": 0,
                            "start": 5,
                            "length": 9
                        },
                        {
                            "entity": 1,
                            "start": 160,
                            "length": 14
                        },
                        {
                            "entity": 2,
                            "start": 201,
                            "length": 16
                        },
                        {
                            "entity": 3,
                            "start": 227,
                            "length": 6
                        },
                        {
                            "entity": 4,
                            "start": 244,
                            "length": 12
                        },
                        {
                            "entity": 5,
                            "start": 277,
                            "length": 14
                        },
                        {
                            "entity": 6,
                            "start": 318,
                            "length": 23
                        },
                        {
                            "entity": 7,
                            "start": 351,
                            "length": 4
                        },
                        {
                            "entity": 8,
                            "start": 366,
                            "length": 8
                        },
                        {
                            "entity": 9,
                            "start": 452,
                            "length": 62
                        },
                        {
                            "entity": 10,
                            "start": 516,
                            "length": 11
                        },
                        {
                            "entity": 11,
                            "start": 603,
                            "length": 2
                        }
                    ]
                }
            ],
            "culture": "en-us",
            "location": "14.txt"
        },
        {
            "entities": [
                {
                    "regionStart": 0,
                    "regionLength": 1790,
                    "labels": [
                        {
                            "entity": 0,
                            "start": 5,
                            "length": 8
                        },
                        {
                            "entity": 1,
                            "start": 159,
                            "length": 12
                        },
                        {
                            "entity": 2,
                            "start": 198,
                            "length": 18
                        },
                        {
                            "entity": 3,
                            "start": 226,
                            "length": 14
                        },
                        {
                            "entity": 4,
                            "start": 251,
                            "length": 6
                        },
                        {
                            "entity": 5,
                            "start": 278,
                            "length": 10
                        },
                        {
                            "entity": 6,
                            "start": 315,
                            "length": 20
                        },
                        {
                            "entity": 7,
                            "start": 345,
                            "length": 5
                        },
                        {
                            "entity": 8,
                            "start": 361,
                            "length": 8
                        },
                        {
                            "entity": 9,
                            "start": 447,
                            "length": 62
                        },
                        {
                            "entity": 10,
                            "start": 511,
                            "length": 11
                        },
                        {
                            "entity": 11,
                            "start": 598,
                            "length": 2
                        }
                    ]
                }
            ],
            "culture": "en-us",
            "location": "15.txt"
        },
        {
            "entities": [
                {
                    "regionStart": 0,
                    "regionLength": 1830,
                    "labels": [
                        {
                            "entity": 0,
                            "start": 5,
                            "length": 8
                        },
                        {
                            "entity": 1,
                            "start": 159,
                            "length": 16
                        },
                        {
                            "entity": 2,
                            "start": 202,
                            "length": 21
                        },
                        {
                            "entity": 3,
                            "start": 233,
                            "length": 7
                        },
                        {
                            "entity": 4,
                            "start": 251,
                            "length": 12
                        },
                        {
                            "entity": 5,
                            "start": 284,
                            "length": 15
                        },
                        {
                            "entity": 6,
                            "start": 326,
                            "length": 17
                        },
                        {
                            "entity": 7,
                            "start": 353,
                            "length": 7
                        },
                        {
                            "entity": 8,
                            "start": 371,
                            "length": 10
                        },
                        {
                            "entity": 9,
                            "start": 459,
                            "length": 53
                        },
                        {
                            "entity": 10,
                            "start": 514,
                            "length": 10
                        },
                        {
                            "entity": 11,
                            "start": 600,
                            "length": 2
                        }
                    ]
                }
            ],
            "culture": "en-us",
            "location": "16.txt"
        },
        {
            "entities": [
                {
                    "regionStart": 0,
                    "regionLength": 1808,
                    "labels": [
                        {
                            "entity": 0,
                            "start": 5,
                            "length": 8
                        },
                        {
                            "entity": 1,
                            "start": 159,
                            "length": 12
                        },
                        {
                            "entity": 2,
                            "start": 198,
                            "length": 18
                        },
                        {
                            "entity": 3,
                            "start": 226,
                            "length": 15
                        },
                        {
                            "entity": 4,
                            "start": 252,
                            "length": 9
                        },
                        {
                            "entity": 5,
                            "start": 282,
                            "length": 12
                        },
                        {
                            "entity": 6,
                            "start": 321,
                            "length": 17
                        },
                        {
                            "entity": 7,
                            "start": 348,
                            "length": 13
                        },
                        {
                            "entity": 8,
                            "start": 372,
                            "length": 10
                        },
                        {
                            "entity": 9,
                            "start": 460,
                            "length": 67
                        },
                        {
                            "entity": 10,
                            "start": 529,
                            "length": 11
                        },
                        {
                            "entity": 11,
                            "start": 616,
                            "length": 2
                        }
                    ]
                }
            ],
            "culture": "en-us",
            "location": "17.txt"
        },
        {
            "entities": [
                {
                    "regionStart": 0,
                    "regionLength": 1804,
                    "labels": [
                        {
                            "entity": 0,
                            "start": 5,
                            "length": 10
                        },
                        {
                            "entity": 1,
                            "start": 161,
                            "length": 10
                        },
                        {
                            "entity": 2,
                            "start": 198,
                            "length": 24
                        },
                        {
                            "entity": 3,
                            "start": 232,
                            "length": 13
                        },
                        {
                            "entity": 4,
                            "start": 256,
                            "length": 10
                        },
                        {
                            "entity": 5,
                            "start": 287,
                            "length": 12
                        },
                        {
                            "entity": 6,
                            "start": 326,
                            "length": 18
                        },
                        {
                            "entity": 7,
                            "start": 354,
                            "length": 7
                        },
                        {
                            "entity": 8,
                            "start": 372,
                            "length": 9
                        },
                        {
                            "entity": 9,
                            "start": 459,
                            "length": 64
                        },
                        {
                            "entity": 10,
                            "start": 525,
                            "length": 11
                        },
                        {
                            "entity": 11,
                            "start": 612,
                            "length": 2
                        }
                    ]
                }
            ],
            "culture": "en-us",
            "location": "18.txt"
        },
        {
            "entities": [
                {
                    "regionStart": 0,
                    "regionLength": 1814,
                    "labels": [
                        {
                            "entity": 0,
                            "start": 5,
                            "length": 9
                        },
                        {
                            "entity": 1,
                            "start": 160,
                            "length": 12
                        },
                        {
                            "entity": 2,
                            "start": 199,
                            "length": 16
                        },
                        {
                            "entity": 3,
                            "start": 225,
                            "length": 10
                        },
                        {
                            "entity": 4,
                            "start": 246,
                            "length": 10
                        },
                        {
                            "entity": 5,
                            "start": 277,
                            "length": 12
                        },
                        {
                            "entity": 6,
                            "start": 316,
                            "length": 22
                        },
                        {
                            "entity": 7,
                            "start": 348,
                            "length": 10
                        },
                        {
                            "entity": 8,
                            "start": 369,
                            "length": 14
                        },
                        {
                            "entity": 9,
                            "start": 461,
                            "length": 72
                        },
                        {
                            "entity": 10,
                            "start": 535,
                            "length": 11
                        },
                        {
                            "entity": 11,
                            "start": 622,
                            "length": 2
                        }
                    ]
                }
            ],
            "culture": "en-us",
            "location": "19.txt"
        },
        {
            "entities": [
                {
                    "regionStart": 0,
                    "regionLength": 1775,
                    "labels": [
                        {
                            "entity": 0,
                            "start": 5,
                            "length": 8
                        },
                        {
                            "entity": 1,
                            "start": 159,
                            "length": 10
                        },
                        {
                            "entity": 2,
                            "start": 196,
                            "length": 18
                        },
                        {
                            "entity": 3,
                            "start": 224,
                            "length": 10
                        },
                        {
                            "entity": 4,
                            "start": 245,
                            "length": 8
                        },
                        {
                            "entity": 5,
                            "start": 274,
                            "length": 10
                        },
                        {
                            "entity": 6,
                            "start": 311,
                            "length": 16
                        },
                        {
                            "entity": 7,
                            "start": 337,
                            "length": 7
                        },
                        {
                            "entity": 8,
                            "start": 355,
                            "length": 12
                        },
                        {
                            "entity": 9,
                            "start": 445,
                            "length": 49
                        },
                        {
                            "entity": 10,
                            "start": 496,
                            "length": 11
                        },
                        {
                            "entity": 11,
                            "start": 583,
                            "length": 2
                        }
                    ]
                }
            ],
            "culture": "en-us",
            "location": "20.txt"
        }
    ]
}