{
    "projectFileVersion": "2022-05-01",
    "stringIndexType": "Utf16CodeUnit",
    "metadata": 
    {
        "projectKind": "CustomMultiLabelClassification",
        "storageInputContainerName": "example-data",
        "projectName": "Movies",
        "multilingual": false,
        "description": "Project-description",
        "language": "en",
        "settings": {}
  },
  "assets": {
    "projectKind": "customMultiLabelClassification",
    "classes": [
      {
        "category": "Mystery"
      },
      {
        "category": "Drama"
      },
      {
        "category": "Thriller"
      },
      {
        "category": "Comedy"
      },
      {
        "category": "Action"
      }
    ],
    "documents": [
      {
        "location": "And_Justice_for_All.txt",
        "language": "en-us",
        "classes": [
          {
            "category": "Mystery"
          },
          {
            "category": "Drama"
          },
          {
            "category": "Thriller"
          },
          {
            "category": "Comedy"
          }
        ]
      },
      {
        "location": "14_Going_on_30.txt",
        "language": "en-us",
        "classes": [
          {
            "category": "Comedy"
          }
        ]
      },
      {
        "location": "33_Scenes_from_Life.txt",
        "language": "en-us",
        "classes": [
          {
            "category": "Drama"
          }
        ]
      },
      {
        "location": "A_King_and_His_Movie.txt",
        "language": "en-us",
        "classes": [
          {
            "category": "Drama"
          },
          {
            "category": "Comedy"
          }
        ]
      },
      {
        "location": "A_Reasonable_Man.txt",
        "language": "en-us",
        "classes": [
          {
            "category": "Mystery"
          },
          {
            "category": "Drama"
          },
          {
            "category": "Thriller"
          }
        ]
      },
      {
        "location": "A_Woman_in_Flames.txt",
        "language": "en-us",
        "classes": [
          {
            "category": "Drama"
          }
        ]
      },
      {
        "location": "A_Zed_And_Two_Noughts.txt",
        "language": "en-us",
        "classes": [
          {
            "category": "Drama"
          }
        ]
      },
      {
        "location": "Aaah_Belinda.txt",
        "language": "en-us",
        "classes": [
          {
            "category": "Comedy"
          }
        ]
      },
      {
        "location": "Aadavari_Matalaku_Ardhalu_Verule.txt",
        "language": "en-us",
        "classes": [
          {
            "category": "Drama"
          },
          {
            "category": "Comedy"
          }
        ]
      },
      {
        "location": "Aduri.txt",
        "language": "en-us",
        "classes": [
          {
            "category": "Drama"
          },
          {
            "category": "Thriller"
          },
          {
            "category": "Action"
          }
        ]
      },
      {
        "location": "Affinity.txt",
        "language": "en-us",
        "classes": [
          {
            "category": "Mystery"
          },
          {
            "category": "Drama"
          },
          {
            "category": "Thriller"
          }
        ]
      },
      {
        "location": "Agneekaal.txt",
        "language": "en-us",
        "classes": [
          {
            "category": "Drama"
          },
          {
            "category": "Action"
          }
        ]
      },
      {
        "location": "All_the_Queen's_Men.txt",
        "language": "en-us",
        "classes": [
          {
            "category": "Drama"
          },
          {
            "category": "Comedy"
          },
          {
            "category": "Action"
          }
        ]
      },
      {
        "location": "Amy.txt",
        "language": "en-us",
        "classes": [
          {
            "category": "Drama"
          },
          {
            "category": "Comedy"
          }
        ]
      },
      {
        "location": "And_God_Created_Woman.txt",
        "language": "en-us",
        "classes": [
          {
            "category": "Drama"
          },
          {
            "category": "Comedy"
          }
        ]
      },
      {
        "location": "Anokha_Rishta.txt",
        "language": "en-us",
        "classes": [
          {
            "category": "Drama"
          }
        ]
      },
      {
        "location": "Aparan.txt",
        "language": "en-us",
        "classes": [
          {
            "category": "Mystery"
          },
          {
            "category": "Thriller"
          }
        ]
      },
      {
        "location": "Archie_To_Riverdale_and_Back_Again.txt",
        "language": "en-us",
        "classes": [
          {
            "category": "Comedy"
          }
        ]
      },
      {
        "location": "Asoka.txt",
        "language": "en-us",
        "classes": [
          {
            "category": "Drama"
          },
          {
            "category": "Action"
          }
        ]
      },
      {
        "location": "Asylum_Seekers.txt",
        "language": "en-us",
        "classes": [
          {
            "category": "Mystery"
          },
          {
            "category": "Thriller"
          },
          {
            "category": "Comedy"
          }
        ]
      },
      {
        "location": "Baba_Kalyani.txt",
        "language": "en-us",
        "classes": [
          {
            "category": "Mystery"
          },
          {
            "category": "Drama"
          },
          {
            "category": "Action"
          }
        ]
      },
      {
        "location": "Baby_Boy.txt",
        "language": "en-us",
        "classes": [
          {
            "category": "Drama"
          }
        ]
      },
      {
        "location": "Bad_Day_at_Black_Rock.txt",
        "language": "en-us",
        "classes": [
          {
            "category": "Mystery"
          },
          {
            "category": "Drama"
          },
          {
            "category": "Thriller"
          }
        ]
      },
      {
        "location": "Bangkok_Dangerous.txt",
        "language": "en-us",
        "classes": [
          {
            "category": "Thriller"
          },
          {
            "category": "Action"
          }
        ]
      },
      {
        "location": "Barah_Aana.txt",
        "language": "en-us",
        "classes": [
          {
            "category": "Drama"
          },
          {
            "category": "Comedy"
          }
        ]
      },
      {
        "location": "Barricade.txt",
        "language": "en-us",
        "classes": [
          {
            "category": "Drama"
          },
          {
            "category": "Comedy"
          },
          {
            "category": "Action"
          }
        ]
      },
      {
        "location": "Beachhead.txt",
        "language": "en-us",
        "classes": [
          {
            "category": "Drama"
          },
          {
            "category": "Action"
          }
        ]
      },
      {
        "location": "Bindiya_Chamkegi.txt",
        "language": "en-us",
        "classes": [
          {
            "category": "Comedy"
          }
        ]
      },
      {
        "location": "Bleeder.txt",
        "language": "en-us",
        "classes": [
          {
            "category": "Drama"
          },
          {
            "category": "Thriller"
          }
        ]
      },
      {
        "location": "Bless_the_Child.txt",
        "language": "en-us",
        "classes": [
          {
            "category": "Mystery"
          },
          {
            "category": "Thriller"
          }
        ]
      },
      {
        "location": "Bring_Me_the_Head_of_Alfredo_Garcia.txt",
        "language": "en-us",
        "classes": [
          {
            "category": "Drama"
          },
          {
            "category": "Thriller"
          },
          {
            "category": "Comedy"
          },
          {
            "category": "Action"
          }
        ]
      },
      {
        "location": "C.H.U.D.txt",
        "language": "en-us",
        "classes": [
          {
            "category": "Drama"
          }
        ]
      },
      {
        "location": "Cash.txt",
        "language": "en-us",
        "classes": [
          {
            "category": "Thriller"
          },
          {
            "category": "Action"
          }
        ]
      },
      {
        "location": "Chandra_Mukhi.txt",
        "language": "en-us",
        "classes": [
          {
            "category": "Drama"
          }
        ]
      },
      {
        "location": "Children_of_Glory.txt",
        "language": "en-us",
        "classes": [
          {
            "category": "Drama"
          }
        ]
      },
      {
        "location": "Chura_Liyaa_Hai_Tumne.txt",
        "language": "en-us",
        "classes": [
          {
            "category": "Mystery"
          },
          {
            "category": "Drama"
          },
          {
            "category": "Thriller"
          },
          {
            "category": "Action"
          }
        ]
      },
      {
        "location": "Clash_of_the_Titans.txt",
        "language": "en-us",
        "classes": [
          {
            "category": "Drama"
          },
          {
            "category": "Action"
          }
        ]
      },
      {
        "location": "Closing_the_Ring.txt",
        "language": "en-us",
        "classes": [
          {
            "category": "Drama"
          }
        ]
      },
      {
        "location": "Colombiana.txt",
        "language": "en-us",
        "classes": [
          {
            "category": "Drama"
          },
          {
            "category": "Thriller"
          },
          {
            "category": "Action"
          }
        ]
      },
      {
        "location": "Coney_Island_Baby.txt",
        "language": "en-us",
        "classes": [
          {
            "category": "Drama"
          },
          {
            "category": "Comedy"
          }
        ]
      },
      {
        "location": "Confessions_of_a_Dangerous_Mind.txt",
        "language": "en-us",
        "classes": [
          {
            "category": "Drama"
          },
          {
            "category": "Thriller"
          },
          {
            "category": "Comedy"
          },
          {
            "category": "Action"
          }
        ]
      },
      {
        "location": "Convoy.txt",
        "language": "en-us",
        "classes": [
          {
            "category": "Drama"
          },
          {
            "category": "Comedy"
          },
          {
            "category": "Action"
          }
        ]
      },
      {
        "location": "Count_Your_Blessings.txt",
        "language": "en-us",
        "classes": [
          {
            "category": "Drama"
          },
          {
            "category": "Comedy"
          }
        ]
      },
      {
        "location": "Crime_Doctor.txt",
        "language": "en-us",
        "classes": [
          {
            "category": "Mystery"
          },
          {
            "category": "Drama"
          }
        ]
      },
      {
        "location": "Daddy_and_Them.txt",
        "language": "en-us",
        "classes": [
          {
            "category": "Comedy"
          }
        ]
      },
      {
        "location": "Das_schreckliche_Mädchen.txt",
        "language": "en-us",
        "classes": [
          {
            "category": "Drama"
          },
          {
            "category": "Comedy"
          }
        ]
      },
      {
        "location": "Deadly_Voyage.txt",
        "language": "en-us",
        "classes": [
          {
            "category": "Drama"
          },
          {
            "category": "Thriller"
          },
          {
            "category": "Action"
          }
        ]
      },
      {
        "location": "Dhamarukam.txt",
        "language": "en-us",
        "classes": [
          {
            "category": "Drama"
          },
          {
            "category": "Action"
          }
        ]
      },
      {
        "location": "Dilliwala_Rajakumaran.txt",
        "language": "en-us",
        "classes": [
          {
            "category": "Drama"
          },
          {
            "category": "Comedy"
          },
          {
            "category": "Action"
          }
        ]
      },
      {
        "location": "Don_The_Chase_Begins_Again.txt",
        "language": "en-us",
        "classes": [
          {
            "category": "Mystery"
          },
          {
            "category": "Drama"
          },
          {
            "category": "Thriller"
          },
          {
            "category": "Comedy"
          },
          {
            "category": "Action"
          }
        ]
      },
      {
        "location": "Double_Jeopardy.txt",
        "language": "en-us",
        "classes": [
          {
            "category": "Mystery"
          },
          {
            "category": "Drama"
          },
          {
            "category": "Thriller"
          },
          {
            "category": "Action"
          }
        ]
      },
      {
        "location": "Dragonfly.txt",
        "language": "en-us",
        "classes": [
          {
            "category": "Mystery"
          },
          {
            "category": "Drama"
          },
          {
            "category": "Thriller"
          }
        ]
      },
      {
        "location": "Dream_Home.txt",
        "language": "en-us",
        "classes": [
          {
            "category": "Drama"
          },
          {
            "category": "Thriller"
          },
          {
            "category": "Comedy"
          }
        ]
      },
      {
        "location": "Durval_discos.txt",
        "language": "en-us",
        "classes": [
          {
            "category": "Drama"
          },
          {
            "category": "Thriller"
          },
          {
            "category": "Comedy"
          }
        ]
      },
      {
        "location": "Dylan_Dog_Dead_of_Night.txt",
        "language": "en-us",
        "classes": [
          {
            "category": "Mystery"
          },
          {
            "category": "Thriller"
          },
          {
            "category": "Comedy"
          }
        ]
      },
      {
        "location": "Enemy_Territory.txt",
        "language": "en-us",
        "classes": [
          {
            "category": "Drama"
          },
          {
            "category": "Action"
          }
        ]
      },
      {
        "location": "Extreme_Prejudice.txt",
        "language": "en-us",
        "classes": [
          {
            "category": "Drama"
          },
          {
            "category": "Thriller"
          },
          {
            "category": "Action"
          }
        ]
      },
      {
        "location": "Fanfan_la_Tulipe.txt",
        "language": "en-us",
        "classes": [
          {
            "category": "Drama"
          },
          {
            "category": "Comedy"
          },
          {
            "category": "Action"
          }
        ]
      },
      {
        "location": "Fatal_Attraction.txt",
        "language": "en-us",
        "classes": [
          {
            "category": "Mystery"
          },
          {
            "category": "Drama"
          },
          {
            "category": "Thriller"
          }
        ]
      },
      {
        "location": "Fay_Grim.txt",
        "language": "en-us",
        "classes": [
          {
            "category": "Drama"
          },
          {
            "category": "Thriller"
          },
          {
            "category": "Comedy"
          },
          {
            "category": "Action"
          }
        ]
      },
      {
        "location": "Fled.txt",
        "language": "en-us",
        "classes": [
          {
            "category": "Thriller"
          },
          {
            "category": "Comedy"
          },
          {
            "category": "Action"
          }
        ]
      },
      {
        "location": "Flesh.txt",
        "language": "en-us",
        "classes": [
          {
            "category": "Drama"
          },
          {
            "category": "Comedy"
          }
        ]
      },
      {
        "location": "G.I._Jane.txt",
        "language": "en-us",
        "classes": [
          {
            "category": "Drama"
          },
          {
            "category": "Action"
          }
        ]
      },
      {
        "location": "Gagamboy.txt",
        "language": "en-us",
        "classes": [
          {
            "category": "Comedy"
          },
          {
            "category": "Action"
          }
        ]
      },
      {
        "location": "Garage_Days.txt",
        "language": "en-us",
        "classes": [
          {
            "category": "Drama"
          },
          {
            "category": "Comedy"
          }
        ]
      },
      {
        "location": "Go_Fish.txt",
        "language": "en-us",
        "classes": [
          {
            "category": "Drama"
          },
          {
            "category": "Comedy"
          }
        ]
      },
      {
        "location": "Goldie.txt",
        "language": "en-us",
        "classes": [
          {
            "category": "Drama"
          },
          {
            "category": "Comedy"
          }
        ]
      },
      {
        "location": "Good_Morning_Miss_Dove.txt",
        "language": "en-us",
        "classes": [
          {
            "category": "Drama"
          }
        ]
      },
      {
        "location": "Gospel_Hill.txt",
        "language": "en-us",
        "classes": [
          {
            "category": "Mystery"
          },
          {
            "category": "Drama"
          },
          {
            "category": "Thriller"
          }
        ]
      },
      {
        "location": "Grace_of_My_Heart.txt",
        "language": "en-us",
        "classes": [
          {
            "category": "Drama"
          },
          {
            "category": "Comedy"
          }
        ]
      },
      {
        "location": "Grampy's_Indoor_Outing.txt",
        "language": "en-us",
        "classes": [
          {
            "category": "Comedy"
          }
        ]
      },
      {
        "location": "Gwendoline.txt",
        "language": "en-us",
        "classes": [
          {
            "category": "Drama"
          },
          {
            "category": "Thriller"
          },
          {
            "category": "Action"
          }
        ]
      },
      {
        "location": "Hathyar_Face_to_Face_with_Reality.txt",
        "language": "en-us",
        "classes": [
          {
            "category": "Drama"
          },
          {
            "category": "Thriller"
          },
          {
            "category": "Action"
          }
        ]
      },
      {
        "location": "Henry_V.txt",
        "language": "en-us",
        "classes": [
          {
            "category": "Drama"
          }
        ]
      },
      {
        "location": "Henry's_Crime.txt",
        "language": "en-us",
        "classes": [
          {
            "category": "Drama"
          },
          {
            "category": "Thriller"
          },
          {
            "category": "Comedy"
          },
          {
            "category": "Action"
          }
        ]
      },
      {
        "location": "Hermanas.txt",
        "language": "en-us",
        "classes": [
          {
            "category": "Drama"
          }
        ]
      },
      {
        "location": "I_Could_Never_Be_Your_Woman.txt",
        "language": "en-us",
        "classes": [
          {
            "category": "Drama"
          },
          {
            "category": "Comedy"
          }
        ]
      },
      {
        "location": "If_They_Tell_You_I_Fell.txt",
        "language": "en-us",
        "classes": [
          {
            "category": "Drama"
          },
          {
            "category": "Thriller"
          }
        ]
      },
      {
        "location": "In_Harihar_Nagar.txt",
        "language": "en-us",
        "classes": [
          {
            "category": "Drama"
          },
          {
            "category": "Comedy"
          },
          {
            "category": "Action"
          }
        ]
      },
      {
        "location": "Inferno.txt",
        "language": "en-us",
        "classes": [
          {
            "category": "Drama"
          },
          {
            "category": "Thriller"
          },
          {
            "category": "Action"
          }
        ]
      },
      {
        "location": "Inland_Empire.txt",
        "language": "en-us",
        "classes": [
          {
            "category": "Mystery"
          },
          {
            "category": "Drama"
          },
          {
            "category": "Thriller"
          }
        ]
      },
      {
        "location": "Is_There_a_Doctor_in_the_Mouse.txt",
        "language": "en-us",
        "classes": [
          {
            "category": "Comedy"
          }
        ]
      },
      {
        "location": "It_Came_Upon_the_Midnight_Clear.txt",
        "language": "en-us",
        "classes": [
          {
            "category": "Drama"
          }
        ]
      },
      {
        "location": "Jaal.txt",
        "language": "en-us",
        "classes": [
          {
            "category": "Mystery"
          },
          {
            "category": "Drama"
          },
          {
            "category": "Thriller"
          },
          {
            "category": "Action"
          }
        ]
      },
      {
        "location": "Jackie_Brown.txt",
        "language": "en-us",
        "classes": [
          {
            "category": "Drama"
          },
          {
            "category": "Thriller"
          },
          {
            "category": "Comedy"
          },
          {
            "category": "Action"
          }
        ]
      },
      {
        "location": "Juice.txt",
        "language": "en-us",
        "classes": [
          {
            "category": "Drama"
          },
          {
            "category": "Thriller"
          },
          {
            "category": "Action"
          }
        ]
      },
      {
        "location": "Just_Wright.txt",
        "language": "en-us",
        "classes": [
          {
            "category": "Drama"
          },
          {
            "category": "Comedy"
          }
        ]
      },
      {
        "location": "K-19_The_Widowmaker.txt",
        "language": "en-us",
        "classes": [
          {
            "category": "Drama"
          },
          {
            "category": "Thriller"
          },
          {
            "category": "Action"
          }
        ]
      },
      {
        "location": "Kaboom.txt",
        "language": "en-us",
        "classes": [
          {
            "category": "Mystery"
          },
          {
            "category": "Thriller"
          },
          {
            "category": "Comedy"
          }
        ]
      },
      {
        "location": "Karayilekku_Oru_Kadal_Dooram.txt",
        "language": "en-us",
        "classes": [
          {
            "category": "Drama"
          }
        ]
      },
      {
        "location": "Kausthubham.txt",
        "language": "en-us",
        "classes": [
          {
            "category": "Drama"
          }
        ]
      },
      {
        "location": "Kempe_Gowda.txt",
        "language": "en-us",
        "classes": [
          {
            "category": "Drama"
          },
          {
            "category": "Thriller"
          },
          {
            "category": "Action"
          }
        ]
      },
      {
        "location": "Kickboxer_3.txt",
        "language": "en-us",
        "classes": [
          {
            "category": "Thriller"
          },
          {
            "category": "Action"
          }
        ]
      },
      {
        "location": "Killer_Hair.txt",
        "language": "en-us",
        "classes": [
          {
            "category": "Mystery"
          },
          {
            "category": "Drama"
          },
          {
            "category": "Comedy"
          }
        ]
      },
      {
        "location": "Kinjite_Forbidden_Subjects.txt",
        "language": "en-us",
        "classes": [
          {
            "category": "Thriller"
          },
          {
            "category": "Action"
          }
        ]
      },
      {
        "location": "Kireedam.txt",
        "language": "en-us",
        "classes": [
          {
            "category": "Drama"
          },
          {
            "category": "Action"
          }
        ]
      },
      {
        "location": "Knife_in_the_Water.txt",
        "language": "en-us",
        "classes": [
          {
            "category": "Drama"
          },
          {
            "category": "Thriller"
          }
        ]
      },
      {
        "location": "L.A._Confidential.txt",
        "language": "en-us",
        "classes": [
          {
            "category": "Mystery"
          },
          {
            "category": "Drama"
          },
          {
            "category": "Thriller"
          }
        ]
      },
      {
        "location": "Larceny_on_the_Air.txt",
        "language": "en-us",
        "classes": [
          {
            "category": "Drama"
          },
          {
            "category": "Thriller"
          },
          {
            "category": "Action"
          }
        ]
      },
      {
        "location": "Laura.txt",
        "language": "en-us",
        "classes": [
          {
            "category": "Mystery"
          },
          {
            "category": "Drama"
          },
          {
            "category": "Thriller"
          }
        ]
      },
      {
        "location": "Lee_Dae-ro_Can't_Die.txt",
        "language": "en-us",
        "classes": [
          {
            "category": "Comedy"
          },
          {
            "category": "Action"
          }
        ]
      },
      {
        "location": "Little_city.txt",
        "language": "en-us",
        "classes": [
          {
            "category": "Drama"
          },
          {
            "category": "Comedy"
          }
        ]
      },
      {
        "location": "Loverboy.txt",
        "language": "en-us",
        "classes": [
          {
            "category": "Comedy"
          }
        ]
      },
      {
        "location": "Lucía,_Lucía.txt",
        "language": "en-us",
        "classes": [
          {
            "category": "Mystery"
          },
          {
            "category": "Drama"
          },
          {
            "category": "Thriller"
          },
          {
            "category": "Comedy"
          }
        ]
      },
      {
        "location": "Malibu_Express.txt",
        "language": "en-us",
        "classes": [
          {
            "category": "Mystery"
          },
          {
            "category": "Thriller"
          },
          {
            "category": "Comedy"
          },
          {
            "category": "Action"
          }
        ]
      },
      {
        "location": "Man_on_Fire.txt",
        "language": "en-us",
        "classes": [
          {
            "category": "Drama"
          },
          {
            "category": "Thriller"
          },
          {
            "category": "Action"
          }
        ]
      },
      {
        "location": "Mary_Poppins.txt",
        "language": "en-us",
        "classes": [
          {
            "category": "Drama"
          },
          {
            "category": "Comedy"
          }
        ]
      },
      {
        "location": "Mehndi_Waley_Hath.txt",
        "language": "en-us",
        "classes": [
          {
            "category": "Drama"
          }
        ]
      },
      {
        "location": "Mengejar_Mas-Mas.txt",
        "language": "en-us",
        "classes": [
          {
            "category": "Drama"
          },
          {
            "category": "Comedy"
          }
        ]
      },
      {
        "location": "Midnight_Express.txt",
        "language": "en-us",
        "classes": [
          {
            "category": "Drama"
          },
          {
            "category": "Thriller"
          }
        ]
      },
      {
        "location": "Minsaara_Kanavu.txt",
        "language": "en-us",
        "classes": [
          {
            "category": "Drama"
          }
        ]
      },
      {
        "location": "Mon_Mane_Na.txt",
        "language": "en-us",
        "classes": [
          {
            "category": "Drama"
          },
          {
            "category": "Comedy"
          },
          {
            "category": "Action"
          }
        ]
      },
      {
        "location": "Mortelle_randonnée.txt",
        "language": "en-us",
        "classes": [
          {
            "category": "Mystery"
          },
          {
            "category": "Drama"
          },
          {
            "category": "Thriller"
          },
          {
            "category": "Action"
          }
        ]
      },
      {
        "location": "Motives.txt",
        "language": "en-us",
        "classes": [
          {
            "category": "Mystery"
          },
          {
            "category": "Drama"
          },
          {
            "category": "Thriller"
          },
          {
            "category": "Action"
          }
        ]
      },
      {
        "location": "Nariman.txt",
        "language": "en-us",
        "classes": [
          {
            "category": "Drama"
          },
          {
            "category": "Action"
          }
        ]
      },
      {
        "location": "Next.txt",
        "language": "en-us",
        "classes": [
          {
            "category": "Thriller"
          },
          {
            "category": "Action"
          }
        ]
      },
      {
        "location": "Nine_Dead.txt",
        "language": "en-us",
        "classes": [
          {
            "category": "Mystery"
          },
          {
            "category": "Drama"
          },
          {
            "category": "Thriller"
          }
        ]
      },
      {
        "location": "No_Time_for_Sergeants.txt",
        "language": "en-us",
        "classes": [
          {
            "category": "Drama"
          },
          {
            "category": "Comedy"
          }
        ]
      },
      {
        "location": "Nothing_to_Lose.txt",
        "language": "en-us",
        "classes": [
          {
            "category": "Comedy"
          },
          {
            "category": "Action"
          }
        ]
      },
      {
        "location": "Okinawa_Rendez-vous.txt",
        "language": "en-us",
        "classes": [
          {
            "category": "Drama"
          },
          {
            "category": "Thriller"
          }
        ]
      },
      {
        "location": "Om_Shanti_Om.txt",
        "language": "en-us",
        "classes": [
          {
            "category": "Drama"
          },
          {
            "category": "Thriller"
          },
          {
            "category": "Comedy"
          },
          {
            "category": "Action"
          }
        ]
      },
      {
        "location": "On_the_Beach.txt",
        "language": "en-us",
        "classes": [
          {
            "category": "Drama"
          },
          {
            "category": "Thriller"
          },
          {
            "category": "Action"
          }
        ]
      },
      {
        "location": "Ordinary_Decent_Criminal.txt",
        "language": "en-us",
        "classes": [
          {
            "category": "Thriller"
          },
          {
            "category": "Action"
          }
        ]
      },
      {
        "location": "Oru_Black_And_White_Kudumbam.txt",
        "language": "en-us",
        "classes": [
          {
            "category": "Drama"
          },
          {
            "category": "Comedy"
          }
        ]
      },
      {
        "location": "Over_the_Rainbow.txt",
        "language": "en-us",
        "classes": [
          {
            "category": "Drama"
          },
          {
            "category": "Thriller"
          }
        ]
      },
      {
        "location": "Pale_Rider.txt",
        "language": "en-us",
        "classes": [
          {
            "category": "Drama"
          },
          {
            "category": "Thriller"
          },
          {
            "category": "Action"
          }
        ]
      },
      {
        "location": "Peddarayudu.txt",
        "language": "en-us",
        "classes": [
          {
            "category": "Drama"
          }
        ]
      },
      {
        "location": "Perrier's_Bounty.txt",
        "language": "en-us",
        "classes": [
          {
            "category": "Drama"
          },
          {
            "category": "Thriller"
          },
          {
            "category": "Comedy"
          },
          {
            "category": "Action"
          }
        ]
      },
      {
        "location": "Pirates_of_Treasure_Island.txt",
        "language": "en-us",
        "classes": [
          {
            "category": "Drama"
          },
          {
            "category": "Thriller"
          },
          {
            "category": "Comedy"
          },
          {
            "category": "Action"
          }
        ]
      },
      {
        "location": "Pretty_Poison.txt",
        "language": "en-us",
        "classes": [
          {
            "category": "Drama"
          },
          {
            "category": "Thriller"
          },
          {
            "category": "Comedy"
          }
        ]
      },
      {
        "location": "Prizzi's_Honor.txt",
        "language": "en-us",
        "classes": [
          {
            "category": "Drama"
          },
          {
            "category": "Comedy"
          },
          {
            "category": "Action"
          }
        ]
      },
      {
        "location": "Pusher_II.txt",
        "language": "en-us",
        "classes": [
          {
            "category": "Drama"
          },
          {
            "category": "Thriller"
          },
          {
            "category": "Action"
          }
        ]
      },
      {
        "location": "Raampur_Ka_Lakshman.txt",
        "language": "en-us",
        "classes": [
          {
            "category": "Drama"
          }
        ]
      },
      {
        "location": "Raju_Chacha.txt",
        "language": "en-us",
        "classes": [
          {
            "category": "Drama"
          },
          {
            "category": "Comedy"
          }
        ]
      },
      {
        "location": "Return_to_Babylon.txt",
        "language": "en-us",
        "classes": [
          {
            "category": "Drama"
          },
          {
            "category": "Comedy"
          }
        ]
      },
      {
        "location": "RoboCop_3.txt",
        "language": "en-us",
        "classes": [
          {
            "category": "Thriller"
          },
          {
            "category": "Action"
          }
        ]
      },
      {
        "location": "Rogues'_Regiment.txt",
        "language": "en-us",
        "classes": [
          {
            "category": "Thriller"
          },
          {
            "category": "Action"
          }
        ]
      },
      {
        "location": "Rudo_y_Cursi.txt",
        "language": "en-us",
        "classes": [
          {
            "category": "Drama"
          },
          {
            "category": "Comedy"
          }
        ]
      },
      {
        "location": "Serenity.txt",
        "language": "en-us",
        "classes": [
          {
            "category": "Drama"
          },
          {
            "category": "Thriller"
          },
          {
            "category": "Comedy"
          },
          {
            "category": "Action"
          }
        ]
      },
      {
        "location": "Shadow.txt",
        "language": "en-us",
        "classes": [
          {
            "category": "Drama"
          },
          {
            "category": "Thriller"
          },
          {
            "category": "Action"
          }
        ]
      },
      {
        "location": "Shaft.txt",
        "language": "en-us",
        "classes": [
          {
            "category": "Mystery"
          },
          {
            "category": "Drama"
          },
          {
            "category": "Thriller"
          },
          {
            "category": "Action"
          }
        ]
      },
      {
        "location": "Shagird.txt",
        "language": "en-us",
        "classes": [
          {
            "category": "Drama"
          },
          {
            "category": "Thriller"
          },
          {
            "category": "Action"
          }
        ]
      },
      {
        "location": "Sherlock_Holmes_A_Game_of_Shadows.txt",
        "language": "en-us",
        "classes": [
          {
            "category": "Mystery"
          },
          {
            "category": "Drama"
          },
          {
            "category": "Thriller"
          },
          {
            "category": "Comedy"
          },
          {
            "category": "Action"
          }
        ]
      },
      {
        "location": "Siam_Sunset.txt",
        "language": "en-us",
        "classes": [
          {
            "category": "Comedy"
          }
        ]
      },
      {
        "location": "Sioux_City.txt",
        "language": "en-us",
        "classes": [
          {
            "category": "Mystery"
          },
          {
            "category": "Drama"
          },
          {
            "category": "Thriller"
          }
        ]
      },
      {
        "location": "Snow_Falling_on_Cedars.txt",
        "language": "en-us",
        "classes": [
          {
            "category": "Mystery"
          },
          {
            "category": "Drama"
          },
          {
            "category": "Thriller"
          }
        ]
      },
      {
        "location": "Someone_to_Watch_Over_Me.txt",
        "language": "en-us",
        "classes": [
          {
            "category": "Mystery"
          },
          {
            "category": "Drama"
          },
          {
            "category": "Thriller"
          }
        ]
      },
      {
        "location": "Sorry,_Wrong_Number.txt",
        "language": "en-us",
        "classes": [
          {
            "category": "Mystery"
          },
          {
            "category": "Drama"
          },
          {
            "category": "Thriller"
          }
        ]
      },
      {
        "location": "Stage_Beauty.txt",
        "language": "en-us",
        "classes": [
          {
            "category": "Drama"
          },
          {
            "category": "Comedy"
          }
        ]
      },
      {
        "location": "Star.txt",
        "language": "en-us",
        "classes": [
          {
            "category": "Drama"
          }
        ]
      },
      {
        "location": "Straw_Dogs.txt",
        "language": "en-us",
        "classes": [
          {
            "category": "Drama"
          },
          {
            "category": "Thriller"
          }
        ]
      },
      {
        "location": "Suddenly,_Last_Summer.txt",
        "language": "en-us",
        "classes": [
          {
            "category": "Mystery"
          },
          {
            "category": "Drama"
          },
          {
            "category": "Thriller"
          }
        ]
      },
      {
        "location": "Teheran_43.txt",
        "language": "en-us",
        "classes": [
          {
            "category": "Drama"
          },
          {
            "category": "Thriller"
          },
          {
            "category": "Action"
          }
        ]
      },
      {
        "location": "Terrorama.txt",
        "language": "en-us",
        "classes": [
          {
            "category": "Drama"
          },
          {
            "category": "Comedy"
          }
        ]
      },
      {
        "location": "The_39_Steps.txt",
        "language": "en-us",
        "classes": [
          {
            "category": "Mystery"
          },
          {
            "category": "Drama"
          },
          {
            "category": "Thriller"
          },
          {
            "category": "Action"
          }
        ]
      },
      {
        "location": "The_Bone_Collector.txt",
        "language": "en-us",
        "classes": [
          {
            "category": "Mystery"
          },
          {
            "category": "Drama"
          },
          {
            "category": "Thriller"
          },
          {
            "category": "Action"
          }
        ]
      },
      {
        "location": "The_Boston_Strangler.txt",
        "language": "en-us",
        "classes": [
          {
            "category": "Mystery"
          },
          {
            "category": "Drama"
          },
          {
            "category": "Thriller"
          }
        ]
      },
      {
        "location": "The_Bourne_Supremacy.txt",
        "language": "en-us",
        "classes": [
          {
            "category": "Mystery"
          },
          {
            "category": "Drama"
          },
          {
            "category": "Thriller"
          },
          {
            "category": "Action"
          }
        ]
      },
      {
        "location": "The_Box.txt",
        "language": "en-us",
        "classes": [
          {
            "category": "Mystery"
          },
          {
            "category": "Thriller"
          },
          {
            "category": "Action"
          }
        ]
      },
      {
        "location": "The_Bridge.txt",
        "language": "en-us",
        "classes": [
          {
            "category": "Drama"
          }
        ]
      },
      {
        "location": "The_Clearing.txt",
        "language": "en-us",
        "classes": [
          {
            "category": "Mystery"
          },
          {
            "category": "Drama"
          },
          {
            "category": "Thriller"
          }
        ]
      },
      {
        "location": "The_Contract.txt",
        "language": "en-us",
        "classes": [
          {
            "category": "Drama"
          },
          {
            "category": "Thriller"
          },
          {
            "category": "Action"
          }
        ]
      },
      {
        "location": "The_East.txt",
        "language": "en-us",
        "classes": [
          {
            "category": "Mystery"
          },
          {
            "category": "Drama"
          },
          {
            "category": "Thriller"
          },
          {
            "category": "Action"
          }
        ]
      },
      {
        "location": "The_Final_Cut.txt",
        "language": "en-us",
        "classes": [
          {
            "category": "Drama"
          },
          {
            "category": "Thriller"
          },
          {
            "category": "Action"
          }
        ]
      },
      {
        "location": "The_Gods_Must_Be_Crazy.txt",
        "language": "en-us",
        "classes": [
          {
            "category": "Comedy"
          }
        ]
      },
      {
        "location": "The_Golden_Spiders_A_Nero_Wolfe_Mystery.txt",
        "language": "en-us",
        "classes": [
          {
            "category": "Mystery"
          },
          {
            "category": "Drama"
          }
        ]
      },
      {
        "location": "The_Great_New_Wonderful.txt",
        "language": "en-us",
        "classes": [
          {
            "category": "Drama"
          }
        ]
      },
      {
        "location": "The_Hero_Love_Story_of_a_Spy.txt",
        "language": "en-us",
        "classes": [
          {
            "category": "Drama"
          },
          {
            "category": "Thriller"
          },
          {
            "category": "Action"
          }
        ]
      },
      {
        "location": "The_High_Cost_of_Living.txt",
        "language": "en-us",
        "classes": [
          {
            "category": "Drama"
          }
        ]
      },
      {
        "location": "The_Human_Tornado.txt",
        "language": "en-us",
        "classes": [
          {
            "category": "Comedy"
          },
          {
            "category": "Action"
          }
        ]
      },
      {
        "location": "The_Iron_Maiden.txt",
        "language": "en-us",
        "classes": [
          {
            "category": "Comedy"
          }
        ]
      },
      {
        "location": "The_January_Man.txt",
        "language": "en-us",
        "classes": [
          {
            "category": "Mystery"
          },
          {
            "category": "Thriller"
          },
          {
            "category": "Comedy"
          },
          {
            "category": "Action"
          }
        ]
      },
      {
        "location": "The_Killers.txt",
        "language": "en-us",
        "classes": [
          {
            "category": "Mystery"
          },
          {
            "category": "Drama"
          },
          {
            "category": "Thriller"
          }
        ]
      },
      {
        "location": "The_King_and_the_Clown.txt",
        "language": "en-us",
        "classes": [
          {
            "category": "Drama"
          },
          {
            "category": "Comedy"
          }
        ]
      },
      {
        "location": "The_Lady_Vanishes.txt",
        "language": "en-us",
        "classes": [
          {
            "category": "Mystery"
          },
          {
            "category": "Thriller"
          },
          {
            "category": "Comedy"
          }
        ]
      },
      {
        "location": "The_Life_of_David_Gale.txt",
        "language": "en-us",
        "classes": [
          {
            "category": "Mystery"
          },
          {
            "category": "Drama"
          },
          {
            "category": "Thriller"
          }
        ]
      },
      {
        "location": "The_Little_Hut.txt",
        "language": "en-us",
        "classes": [
          {
            "category": "Comedy"
          }
        ]
      },
      {
        "location": "The_Lone_Wolf_Meets_a_Lady.txt",
        "language": "en-us",
        "classes": [
          {
            "category": "Mystery"
          },
          {
            "category": "Drama"
          },
          {
            "category": "Comedy"
          }
        ]
      },
      {
        "location": "The_Man_with_the_Perfect_Swing.txt",
        "language": "en-us",
        "classes": [
          {
            "category": "Drama"
          },
          {
            "category": "Comedy"
          }
        ]
      },
      {
        "location": "The_Mechanical_Monsters.txt",
        "language": "en-us",
        "classes": [
          {
            "category": "Action"
          }
        ]
      },
      {
        "location": "The_Minx.txt",
        "language": "en-us",
        "classes": [
          {
            "category": "Mystery"
          },
          {
            "category": "Drama"
          },
          {
            "category": "Thriller"
          },
          {
            "category": "Comedy"
          },
          {
            "category": "Action"
          }
        ]
      },
      {
        "location": "The_Mirror_Crack'd.txt",
        "language": "en-us",
        "classes": [
          {
            "category": "Mystery"
          },
          {
            "category": "Drama"
          },
          {
            "category": "Thriller"
          }
        ]
      },
      {
        "location": "The_Moment_After_2_The_Awakening.txt",
        "language": "en-us",
        "classes": [
          {
            "category": "Drama"
          },
          {
            "category": "Thriller"
          }
        ]
      },
      {
        "location": "The_Naked_Kitchen.txt",
        "language": "en-us",
        "classes": [
          {
            "category": "Drama"
          },
          {
            "category": "Comedy"
          }
        ]
      },
      {
        "location": "The_Prize.txt",
        "language": "en-us",
        "classes": [
          {
            "category": "Mystery"
          },
          {
            "category": "Drama"
          },
          {
            "category": "Thriller"
          }
        ]
      },
      {
        "location": "The_Program.txt",
        "language": "en-us",
        "classes": [
          {
            "category": "Drama"
          },
          {
            "category": "Action"
          }
        ]
      },
      {
        "location": "The_Sleeping_Car_Murders.txt",
        "language": "en-us",
        "classes": [
          {
            "category": "Mystery"
          },
          {
            "category": "Drama"
          },
          {
            "category": "Thriller"
          }
        ]
      },
      {
        "location": "The_Way.txt",
        "language": "en-us",
        "classes": [
          {
            "category": "Drama"
          },
          {
            "category": "Comedy"
          }
        ]
      },
      {
        "location": "The_Whistle_Blower.txt",
        "language": "en-us",
        "classes": [
          {
            "category": "Thriller"
          },
          {
            "category": "Action"
          }
        ]
      },
      {
        "location": "The_World_of_Geisha.txt",
        "language": "en-us",
        "classes": [
          {
            "category": "Drama"
          }
        ]
      },
      {
        "location": "The_X_Files_2.txt",
        "language": "en-us",
        "classes": [
          {
            "category": "Mystery"
          },
          {
            "category": "Drama"
          },
          {
            "category": "Thriller"
          }
        ]
      },
      {
        "location": "They_Met_in_Bombay.txt",
        "language": "en-us",
        "classes": [
          {
            "category": "Drama"
          },
          {
            "category": "Comedy"
          },
          {
            "category": "Action"
          }
        ]
      },
      {
        "location": "Things_to_Do_in_Denver_When_You're_Dead.txt",
        "language": "en-us",
        "classes": [
          {
            "category": "Thriller"
          },
          {
            "category": "Comedy"
          }
        ]
      },
      {
        "location": "Three_Monkeys.txt",
        "language": "en-us",
        "classes": [
          {
            "category": "Mystery"
          },
          {
            "category": "Drama"
          },
          {
            "category": "Thriller"
          }
        ]
      },
      {
        "location": "Tokyo_Joe.txt",
        "language": "en-us",
        "classes": [
          {
            "category": "Drama"
          },
          {
            "category": "Thriller"
          },
          {
            "category": "Action"
          }
        ]
      },
      {
        "location": "Trixie.txt",
        "language": "en-us",
        "classes": [
          {
            "category": "Mystery"
          },
          {
            "category": "Drama"
          },
          {
            "category": "Thriller"
          },
          {
            "category": "Comedy"
          },
          {
            "category": "Action"
          }
        ]
      },
      {
        "location": "Twelve_Monkeys.txt",
        "language": "en-us",
        "classes": [
          {
            "category": "Mystery"
          },
          {
            "category": "Drama"
          },
          {
            "category": "Thriller"
          }
        ]
      },
      {
        "location": "Unknown.txt",
        "language": "en-us",
        "classes": [
          {
            "category": "Mystery"
          },
          {
            "category": "Drama"
          },
          {
            "category": "Thriller"
          },
          {
            "category": "Action"
          }
        ]
      },
      {
        "location": "Vandanam.txt",
        "language": "en-us",
        "classes": [
          {
            "category": "Action"
          }
        ]
      },
      {
        "location": "Vanishing_on_7th_Street.txt",
        "language": "en-us",
        "classes": [
          {
            "category": "Mystery"
          },
          {
            "category": "Thriller"
          }
        ]
      },
      {
        "location": "Vice_Squad.txt",
        "language": "en-us",
        "classes": [
          {
            "category": "Mystery"
          },
          {
            "category": "Drama"
          },
          {
            "category": "Thriller"
          },
          {
            "category": "Action"
          }
        ]
      },
      {
        "location": "Walk_a_Crooked_Mile.txt",
        "language": "en-us",
        "classes": [
          {
            "category": "Mystery"
          },
          {
            "category": "Drama"
          },
          {
            "category": "Action"
          }
        ]
      },
      {
        "location": "Walking_Tall_Final_Chapter.txt",
        "language": "en-us",
        "classes": [
          {
            "category": "Drama"
          },
          {
            "category": "Thriller"
          },
          {
            "category": "Action"
          }
        ]
      },
      {
        "location": "What_Have_I_Done_To_Deserve_This.txt",
        "language": "en-us",
        "classes": [
          {
            "category": "Drama"
          },
          {
            "category": "Comedy"
          }
        ]
      },
      {
        "location": "White_Of_The_Eye.txt",
        "language": "en-us",
        "classes": [
          {
            "category": "Thriller"
          }
        ]
      },
      {
        "location": "White_on_Rice.txt",
        "language": "en-us",
        "classes": [
          {
            "category": "Comedy"
          }
        ]
      },
      {
        "location": "Yamla_Pagla_Deewana.txt",
        "language": "en-us",
        "classes": [
          {
            "category": "Drama"
          },
          {
            "category": "Comedy"
          }
        ]
      },
      {
        "location": "Young_Sherlock_Holmes.txt",
        "language": "en-us",
        "classes": [
          {
            "category": "Mystery"
          },
          {
            "category": "Drama"
          },
          {
            "category": "Thriller"
          },
          {
            "category": "Comedy"
          },
          {
            "category": "Action"
          }
        ]
      },
      {
        "location": "Ziddi.txt",
        "language": "en-us",
        "classes": [
          {
            "category": "Drama"
          },
          {
            "category": "Comedy"
          }
        ]
      },
      {
        "location": "Get_Smart's_Bruce_And_Lloyd_Out_of_Control.txt",
        "language": "en-us",
        "classes": [
          {
            "category": "Comedy"
          },
          {
            "category": "Action"
          }
        ]
      }
    ]
  }
}